Time Step,Forecasted Total Spend
16,5029.19839501935
17,2707.35079761863
18,5021.87079603668
