Variable,Factor 1 - Customer Engagement,Factor 2 - Marketing Responsiveness
Total_Spend,0.972406236679371,-0.0541646816479584
Purchase_Frequency,0.992565501354946,0.0657007796995996
Marketing_Spend,0.998247929984947,-0.0136498281402455
Seasonality_Index,0.967165544773607,-0.068742605824608
