Feature,Coefficient
Total_Spend,-0.0172595349165813
Purchase_Frequency,-0.000541440259625091
Marketing_Spend,-0.00519781912423006
